{"pdf":{"counter":7,"size":11.331615999999999},"doc":{"counter":1,"size":0.029696},"ppt":{"counter":7,"size":11.334144},"pptx":{"counter":8,"size":11.455202000000002}}